ts	source_id	sub_id	user_id	session_id	user_ip	country_id	user_agent	is_from_one_way	is_link	http_referer	previous_site	requested_site	http_code	http_redirect_to_url	content_type	application_name	is_from_browser	version	client_redirect	client_redirect_duration	version_number	server_redirect	ip_hash	year	month	day	app
1493406535	550	chrome	jdko5mq1djs4e3ninrn0o21o75a		65.51.107.0	840		0	0	http://www.enjukuracing.com/products/universal-battery-cut-off-switch-with-6-pole-and-alternator-protection.html	http://www.enjukuracing.com/products/isr-performance-l-shaped-hydraulic-handbrake-e-brake.html	http://www.enjukuracing.com/products/isr-performance-l-shaped-hydraulic-handbrake-e-brake.html	0								5.0.4		37d69704a91cfe267c38e5d1700bb3a2	17	4	28	kafka-consumer-a03
1493406539	550	chrome	jdko5mq1djs4e3ninrn0o21o75a		65.51.107.0	840		0	0	https://www.apexvs.com/	http://www.enjukuracing.com/products/isr-performance-l-shaped-hydraulic-handbrake-e-brake.html	https://www.apexvs.com/ApexUI/default.aspx	0								5.0.4		37d69704a91cfe267c38e5d1700bb3a2	17	4	28	kafka-consumer-a03
1493406559	550	chrome	jdko5mq1djs4e3ninrn0o21o75a		65.51.107.0	840		0	0	https://www.apexvs.com/ApexUI/default.aspx	https://www.apexvs.com/ApexUI/default.aspx	https://www.apexvs.com/lms/	0								5.0.4		37d69704a91cfe267c38e5d1700bb3a2	17	4	28	kafka-consumer-a03
1493406560	550	chrome	jdko5mq1djs4e3ninrn0o21o75a		65.51.107.0	840		0	0		https://www.apexvs.com/lms/	https://www.apexvs.com/lms/#!page/DashBoard	0								5.0.4		37d69704a91cfe267c38e5d1700bb3a2	17	4	28	kafka-consumer-a03
1493406671	550	chrome	jdko5mq1djs4e3ninrn0o21o75a		65.51.107.0	840		0	0	https://www.apexvs.com/lms/	https://www.apexvs.com/lms/#!page/DashBoard	https://reports-prd.apexvs.com/ApexUI/Reports/Student/courseActivityScoreReport.aspx?enrollmentID=37052608&refer=spr	0								5.0.4		37d69704a91cfe267c38e5d1700bb3a2	17	4	28	kafka-consumer-a03
1493407032	550	chrome	jdko5mq1djs4e3ninrn0o21o75a		65.51.107.0	840		0	0	https://www.apexvs.com/lms/	https://www.apexvs.com/lms/#!page/DashBoard	http://courses-prd.apexlearning.com/apps/AceWeb/launch2.do?enrollmentID=37052608&outlineID=771833998&launchRedirect=true&role=S	0								5.0.4		37d69704a91cfe267c38e5d1700bb3a2	17	4	28	kafka-consumer-a03
1493407034	550	chrome	jdko5mq1djs4e3ninrn0o21o75a		65.51.107.0	840		0	0	http://courses-prd.apexlearning.com/apps/AceWeb/launch2.do?enrollmentID=37052608&outlineID=771833998&launchRedirect=true&role=S	http://courses-prd.apexlearning.com/apps/AceWeb/launch2.do?enrollmentID=37052608&outlineID=771833998&launchRedirect=true&role=S	http://courses-prd.apexlearning.com/apps/AceWeb/launch2.do?enrollmentID=37052608&role=S&outlineID=771833998&section=0&page=2	0								5.0.4		37d69704a91cfe267c38e5d1700bb3a2	17	4	28	kafka-consumer-a03
1493407041	550	chrome	jdko5mq1djs4e3ninrn0o21o75a		65.51.107.0	840		0	0	http://courses-prd.apexlearning.com/apps/AceWeb/launch2.do?enrollmentID=37052608&role=S&outlineID=771833998&section=0&page=2	http://courses-prd.apexlearning.com/apps/AceWeb/launch2.do?enrollmentID=37052608&role=S&outlineID=771833998&section=0&page=2	http://courses-prd.apexlearning.com/apps/AceWeb/launch2.do?enrollmentID=37052608&role=S&outlineID=771833999	0								5.0.4		37d69704a91cfe267c38e5d1700bb3a2	17	4	28	kafka-consumer-a03
1493407046	550	chrome	jdko5mq1djs4e3ninrn0o21o75a		65.51.107.0	840		0	0	http://courses-prd.apexlearning.com/apps/AceWeb/launch2.do?enrollmentID=37052608&role=S&outlineID=771833999	http://courses-prd.apexlearning.com/apps/AceWeb/launch2.do?enrollmentID=37052608&role=S&outlineID=771833999	http://courses-prd.apexlearning.com/apps/AceWeb/launch2.do?enrollmentID=37052608&role=S&outlineID=771833999&section=0&page=2	0								5.0.4		37d69704a91cfe267c38e5d1700bb3a2	17	4	28	kafka-consumer-a03
1493407897	550	chrome	jdko5mq1djs4e3ninrn0o21o75a		65.51.107.0	840		0	0		https://www.apexvs.com/lms/#!page/DashBoard	https://www.google.com/search?q=In+the+diagram+below%2C+and+are+tangent+to+O.+What+is+the+measure+of+B%3F&oq=In+the+diagram+below%2C+and+are+tangent+to+O.+What+is+the+measure+of+B%3F&aqs=chrome..69i57j0l2.1142j0j7&sourceid=chrome&ie=UTF-8	0								5.0.4		37d69704a91cfe267c38e5d1700bb3a2	17	4	28	kafka-consumer-a03
1493407904	550	chrome	jdko5mq1djs4e3ninrn0o21o75a		65.51.107.0	840		0	0	https://www.google.com/	https://www.google.com/search?q=In+the+diagram+below%2C+and+are+tangent+to+O.+What+is+the+measure+of+B%3F&oq=In+the+diagram+below%2C+and+are+tangent+to+O.+What+is+the+measure+of+B%3F&aqs=chrome..69i57j0l2.1142j0j7&sourceid=chrome&ie=UTF-8	http://openstudy.com/updates/51071139e4b0ad57a5643e33	0								5.0.4		37d69704a91cfe267c38e5d1700bb3a2	17	4	28	kafka-consumer-a03
1493407909	550	chrome	jdko5mq1djs4e3ninrn0o21o75a		65.51.107.0	840		0	0	http://openstudy.com/updates/51071139e4b0ad57a5643e33	http://openstudy.com/updates/51071139e4b0ad57a5643e33	http://assets.openstudy.com/updates/attachments/51071139e4b0ad57a5643e33-needmathhelp7-1359417683385-photo.jpg	0								5.0.4		37d69704a91cfe267c38e5d1700bb3a2	17	4	28	kafka-consumer-a03
1493409619	550	chrome	jdko5mq1djs4e3ninrn0o21o75a		65.51.107.0	840		0	0	https://www.apexvs.com/lms/	https://www.apexvs.com/lms/#!page/DashBoard	http://courses-prd.apexlearning.com/apps/AceWeb/launch2.do?enrollmentID=37052608&outlineID=771833999&launchRedirect=true&role=S	0								5.0.4		37d69704a91cfe267c38e5d1700bb3a2	17	4	28	kafka-consumer-a03
1493409627	550	chrome	jdko5mq1djs4e3ninrn0o21o75a		65.51.107.0	840		0	0	https://www.apexvs.com/lms/	https://www.apexvs.com/lms/#!page/DashBoard	http://courses-prd.apexlearning.com/apps/AceWeb/launch2.do?enrollmentID=37052608&outlineID=771833999&launchRedirect=true&role=S	0								5.0.4		37d69704a91cfe267c38e5d1700bb3a2	17	4	28	kafka-consumer-a03
1493409629	550	chrome	jdko5mq1djs4e3ninrn0o21o75a		65.51.107.0	840		0	0	http://courses-prd.apexlearning.com/apps/AceWeb/launch2.do?enrollmentID=37052608&outlineID=771833999&launchRedirect=true&role=S	http://courses-prd.apexlearning.com/apps/AceWeb/launch2.do?enrollmentID=37052608&outlineID=771833999&launchRedirect=true&role=S	http://courses-prd.apexlearning.com/apps/AceWeb/launch2.do?enrollmentID=37052608&role=S&outlineID=771833999&section=0&page=2	0								5.0.4		37d69704a91cfe267c38e5d1700bb3a2	17	4	28	kafka-consumer-a03
1493409997	550	chrome	jdko5mq1djs4e3ninrn0o21o75a		65.51.107.0	840		0	0		http://openstudy.com/updates/51071139e4b0ad57a5643e33	https://www.google.com/search?q=12x1.25+lug+nuts&oq=12x1.25+&aqs=chrome.0.0j69i57j0l4.5102j0j7&sourceid=chrome&ie=UTF-8	0								5.0.4		37d69704a91cfe267c38e5d1700bb3a2	17	4	28	kafka-consumer-a03
1493410006	550	chrome	jdko5mq1djs4e3ninrn0o21o75a		65.51.107.0	840		0	0	https://www.google.com/	https://www.google.com/search?q=12x1.25+lug+nuts&oq=12x1.25+&aqs=chrome.0.0j69i57j0l4.5102j0j7&sourceid=chrome&ie=UTF-8	https://www.amazon.com/Black-Spline-Drive-12x1-25-piece/dp/B0040NINKC	0								5.0.4		37d69704a91cfe267c38e5d1700bb3a2	17	4	28	kafka-consumer-a03
1493410009	550	chrome	jdko5mq1djs4e3ninrn0o21o75a		65.51.107.0	840		0	0		https://www.amazon.com/Black-Spline-Drive-12x1-25-piece/dp/B0040NINKC	https://www.google.com/search?q=12x1.25+lug+nuts&oq=12x1.25+&aqs=chrome.0.0j69i57j0l4.5102j0j7&sourceid=chrome&ie=UTF-8	0								5.0.4		37d69704a91cfe267c38e5d1700bb3a2	17	4	28	kafka-consumer-a03
1493410018	550	chrome	jdko5mq1djs4e3ninrn0o21o75a		65.51.107.0	840		0	0	https://www.google.com/	https://www.google.com/search?q=12x1.25+lug+nuts&oq=12x1.25+&aqs=chrome.0.0j69i57j0l4.5102j0j7&sourceid=chrome&ie=UTF-8	http://www.nlmotoring.com/Lug-Nuts-s/64.htm	0								5.0.4		37d69704a91cfe267c38e5d1700bb3a2	17	4	28	kafka-consumer-a03
1493410044	550	chrome	jdko5mq1djs4e3ninrn0o21o75a		65.51.107.0	840		0	0		http://www.nlmotoring.com/Lug-Nuts-s/64.htm	https://www.google.com/search?q=12x1.25+lug+nuts&oq=12x1.25+&aqs=chrome.0.0j69i57j0l4.5102j0j7&sourceid=chrome&ie=UTF-8	0								5.0.4		37d69704a91cfe267c38e5d1700bb3a2	17	4	28	kafka-consumer-a03
1493410053	550	chrome	jdko5mq1djs4e3ninrn0o21o75a		65.51.107.0	840		0	0	https://www.google.com/	https://www.google.com/search?q=12x1.25+lug+nuts&oq=12x1.25+&aqs=chrome.0.0j69i57j0l4.5102j0j7&sourceid=chrome&ie=UTF-8	https://www.rallysportdirect.com/scp/exterior/wheels-and-accessories/lug-nuts	0								5.0.4		37d69704a91cfe267c38e5d1700bb3a2	17	4	28	kafka-consumer-a03
1493410062	550	chrome	jdko5mq1djs4e3ninrn0o21o75a		65.51.107.0	840		0	0	https://www.rallysportdirect.com/scp/exterior/wheels-and-accessories/lug-nuts	https://www.rallysportdirect.com/scp/exterior/wheels-and-accessories/lug-nuts	https://www.rallysportdirect.com/part/lug-nuts/gor-45028pl-20-gorilla-forged-steel-racing-lug-nuts-prism-light-open-ended-12x1-25	0								5.0.4		37d69704a91cfe267c38e5d1700bb3a2	17	4	28	kafka-consumer-a03
1493410076	550	chrome	jdko5mq1djs4e3ninrn0o21o75a		65.51.107.0	840		0	0	https://www.google.com/	https://www.rallysportdirect.com/part/lug-nuts/gor-45028pl-20-gorilla-forged-steel-racing-lug-nuts-prism-light-open-ended-12x1-25	https://www.rallysportdirect.com/scp/exterior/wheels-and-accessories/lug-nuts	0								5.0.4		37d69704a91cfe267c38e5d1700bb3a2	17	4	28	kafka-consumer-a03
1493410090	550	chrome	jdko5mq1djs4e3ninrn0o21o75a		65.51.107.0	840		0	0	https://www.rallysportdirect.com/scp/exterior/wheels-and-accessories/lug-nuts	https://www.rallysportdirect.com/scp/exterior/wheels-and-accessories/lug-nuts	https://www.rallysportdirect.com/part/lug-nuts/kic-32905n-muteki-sr48-neo-chrome-open-ended-lug-nuts-12x1-25	0								5.0.4		37d69704a91cfe267c38e5d1700bb3a2	17	4	28	kafka-consumer-a03
1493410104	550	chrome	jdko5mq1djs4e3ninrn0o21o75a		65.51.107.0	840		0	0	https://www.google.com/	https://www.rallysportdirect.com/part/lug-nuts/kic-32905n-muteki-sr48-neo-chrome-open-ended-lug-nuts-12x1-25	https://www.rallysportdirect.com/scp/exterior/wheels-and-accessories/lug-nuts	0								5.0.4		37d69704a91cfe267c38e5d1700bb3a2	17	4	28	kafka-consumer-a03
1493410108	550	chrome	jdko5mq1djs4e3ninrn0o21o75a		65.51.107.0	840		0	0	https://www.rallysportdirect.com/scp/exterior/wheels-and-accessories/lug-nuts	https://www.rallysportdirect.com/scp/exterior/wheels-and-accessories/lug-nuts	https://www.rallysportdirect.com/part/lug-nuts/kic-31876nk-kics-r40-16-4-piece-neo-chrome-12x1-50-lug-nuts	0								5.0.4		37d69704a91cfe267c38e5d1700bb3a2	17	4	28	kafka-consumer-a03
1493410132	550	chrome	jdko5mq1djs4e3ninrn0o21o75a		65.51.107.0	840		0	0	https://www.google.com/	https://www.rallysportdirect.com/part/lug-nuts/kic-31876nk-kics-r40-16-4-piece-neo-chrome-12x1-50-lug-nuts	https://www.google.com/search?q=12x1.25+lug+nuts&oq=12x1.25+&aqs=chrome.0.0j69i57j0l4.5102j0j7&sourceid=chrome&ie=UTF-8	0								5.0.4		37d69704a91cfe267c38e5d1700bb3a2	17	4	28	kafka-consumer-a03
1493410137	550	chrome	jdko5mq1djs4e3ninrn0o21o75a		65.51.107.0	840		0	0	https://www.google.com/	https://www.google.com/search?q=12x1.25+lug+nuts&oq=12x1.25+&aqs=chrome.0.0j69i57j0l4.5102j0j7&sourceid=chrome&ie=UTF-8	http://www.ebay.com/bhp/tuner-lug-nuts	0								5.0.4		37d69704a91cfe267c38e5d1700bb3a2	17	4	28	kafka-consumer-a03
1493410171	550	chrome	jdko5mq1djs4e3ninrn0o21o75a		65.51.107.0	840		0	0		http://www.ebay.com/bhp/tuner-lug-nuts	https://www.google.com/search?q=lug+nut+guys&oq=lug+nut+guys&aqs=chrome..69i57j0l5.4830j0j7&sourceid=chrome&ie=UTF-8	0								5.0.4		37d69704a91cfe267c38e5d1700bb3a2	17	4	28	kafka-consumer-a03
1493410177	550	chrome	jdko5mq1djs4e3ninrn0o21o75a		65.51.107.0	840		0	0	https://www.google.com/	https://www.google.com/search?q=lug+nut+guys&oq=lug+nut+guys&aqs=chrome..69i57j0l5.4830j0j7&sourceid=chrome&ie=UTF-8	http://stores.ebay.com/LugNutGuys	0								5.0.4		37d69704a91cfe267c38e5d1700bb3a2	17	4	28	kafka-consumer-a03
1493410181	550	chrome	jdko5mq1djs4e3ninrn0o21o75a		65.51.107.0	840		0	0	http://stores.ebay.com/LugNutGuys	http://stores.ebay.com/LugNutGuys	http://stores.ebay.com/LugNutGuys_W0QQ_sasiZ1	0								5.0.4		37d69704a91cfe267c38e5d1700bb3a2	17	4	28	kafka-consumer-a03
1493410195	550	chrome	jdko5mq1djs4e3ninrn0o21o75a		65.51.107.0	840		0	0	http://stores.ebay.com/LugNutGuys_W0QQ_sasiZ1	http://stores.ebay.com/LugNutGuys_W0QQ_sasiZ1	http://stores.ebay.com/LugNutGuys/Locking-Lug-Nuts-/_i.html?_fsub=1980400017&_sasi=1&_sid=23453627&_trksid=p4634.c0.m322	0								5.0.4		37d69704a91cfe267c38e5d1700bb3a2	17	4	28	kafka-consumer-a03
1493410227	550	chrome	jdko5mq1djs4e3ninrn0o21o75a		65.51.107.0	840		0	0	http://www.ebay.com/bhp/tuner-lug-nuts	http://www.ebay.com/bhp/tuner-lug-nuts	http://www.ebay.com/itm/Tuner-NEO-Chrome-STEEL-JDM-LUG-NUTS-12X1-25-20-pcs-s13-s14-350z-wrx-Thin-skinny-/281458319663	0								5.0.4		37d69704a91cfe267c38e5d1700bb3a2	17	4	28	kafka-consumer-a03
1493410248	550	chrome	jdko5mq1djs4e3ninrn0o21o75a		65.51.107.0	840		0	0	https://www.google.com/	http://www.ebay.com/itm/Tuner-NEO-Chrome-STEEL-JDM-LUG-NUTS-12X1-25-20-pcs-s13-s14-350z-wrx-Thin-skinny-/281458319663	http://www.ebay.com/bhp/tuner-lug-nuts	0								5.0.4		37d69704a91cfe267c38e5d1700bb3a2	17	4	28	kafka-consumer-a03
1493410277	550	chrome	jdko5mq1djs4e3ninrn0o21o75a		65.51.107.0	840		0	0	http://www.ebay.com/bhp/tuner-lug-nuts	http://www.ebay.com/bhp/tuner-lug-nuts	http://www.ebay.com/itm/20-12x1-25-Lug-Nuts-Neochro-Neochrome-Cone-Seat-Extended-Tuner-Open-End-/380972449945	0								5.0.4		37d69704a91cfe267c38e5d1700bb3a2	17	4	28	kafka-consumer-a03
1493410288	550	chrome	jdko5mq1djs4e3ninrn0o21o75a		65.51.107.0	840		0	0	https://www.google.com/	http://www.ebay.com/itm/20-12x1-25-Lug-Nuts-Neochro-Neochrome-Cone-Seat-Extended-Tuner-Open-End-/380972449945	http://www.ebay.com/bhp/tuner-lug-nuts	0								5.0.4		37d69704a91cfe267c38e5d1700bb3a2	17	4	28	kafka-consumer-a03
1493410293	550	chrome	jdko5mq1djs4e3ninrn0o21o75a		65.51.107.0	840		0	0	http://www.ebay.com/bhp/tuner-lug-nuts	http://www.ebay.com/bhp/tuner-lug-nuts	http://www.ebay.com/bhp/spline-lug-nuts	0								5.0.4		37d69704a91cfe267c38e5d1700bb3a2	17	4	28	kafka-consumer-a03
1493410329	550	chrome	jdko5mq1djs4e3ninrn0o21o75a		65.51.107.0	840		0	0	http://www.ebay.com/bhp/spline-lug-nuts	http://www.ebay.com/bhp/spline-lug-nuts	http://www.ebay.com/itm/20-Blue-Spline-Wheel-Lug-Nuts-12x1-5-w-2-Socket-Keys-Cone-Seat-Lock-/132091827928	0								5.0.4		37d69704a91cfe267c38e5d1700bb3a2	17	4	28	kafka-consumer-a03
1493410364	550	chrome	jdko5mq1djs4e3ninrn0o21o75a		65.51.107.0	840		0	0	http://www.ebay.com/bhp/tuner-lug-nuts	http://www.ebay.com/itm/20-Blue-Spline-Wheel-Lug-Nuts-12x1-5-w-2-Socket-Keys-Cone-Seat-Lock-/132091827928	http://www.ebay.com/bhp/spline-lug-nuts	0								5.0.4		37d69704a91cfe267c38e5d1700bb3a2	17	4	28	kafka-consumer-a03
1493410379	550	chrome	jdko5mq1djs4e3ninrn0o21o75a		65.51.107.0	840		0	0		http://www.ebay.com/bhp/spline-lug-nuts	https://www.google.com/search?q=neochrome+lugnuts+with+lockey+key&oq=neochrome+lugnuts+with+lockey+key&aqs=chrome..69i57j0l5.10318j0j4&sourceid=chrome&ie=UTF-8	0								5.0.4		37d69704a91cfe267c38e5d1700bb3a2	17	4	28	kafka-consumer-a03
1493410390	550	chrome	jdko5mq1djs4e3ninrn0o21o75a		65.51.107.0	840		0	0	https://www.google.com/	https://www.google.com/search?q=neochrome+lugnuts+with+lockey+key&oq=neochrome+lugnuts+with+lockey+key&aqs=chrome..69i57j0l5.10318j0j4&sourceid=chrome&ie=UTF-8	http://www.ebay.com/bhp/rim-lock-key	0								5.0.4		37d69704a91cfe267c38e5d1700bb3a2	17	4	28	kafka-consumer-a03
1493410413	550	chrome	jdko5mq1djs4e3ninrn0o21o75a		65.51.107.0	840		0	0		http://stores.ebay.com/LugNutGuys/Locking-Lug-Nuts-/_i.html?_fsub=1980400017&_sasi=1&_sid=23453627&_trksid=p4634.c0.m322	https://www.google.com/search?q=spline+menaing&oq=spline+menaing+&aqs=chrome..69i57j0l5.1696j0j7&sourceid=chrome&ie=UTF-8	0								5.0.4		37d69704a91cfe267c38e5d1700bb3a2	17	4	28	kafka-consumer-a03
1493410602	550	chrome	jdko5mq1djs4e3ninrn0o21o75a		65.51.107.0	840		0	0		http://www.ebay.com/bhp/rim-lock-key	https://www.google.com/search?q=neochrome+lugnuts+with+lockey+key&oq=neochrome+lugnuts+with+lockey+key&aqs=chrome..69i57j0l5.10318j0j4&sourceid=chrome&ie=UTF-8	0								5.0.4		37d69704a91cfe267c38e5d1700bb3a2	17	4	28	kafka-consumer-a03
1493410617	550	chrome	jdko5mq1djs4e3ninrn0o21o75a		65.51.107.0	840		0	0		https://www.google.com/search?q=neochrome+lugnuts+with+lockey+key&oq=neochrome+lugnuts+with+lockey+key&aqs=chrome..69i57j0l5.10318j0j4&sourceid=chrome&ie=UTF-8	https://www.google.com/search?q=neochrome+lugnuts+with+lockey+key&oq=neochrome+lugnuts+with+lockey+key&aqs=chrome..69i57j0l5.10318j0j4&sourceid=chrome&ie=UTF-8#safe=off&q=neochrome+lugnuts+with+8+spline+locking+ey	0								5.0.4		37d69704a91cfe267c38e5d1700bb3a2	17	4	28	kafka-consumer-a03
1493410619	550	chrome	jdko5mq1djs4e3ninrn0o21o75a		65.51.107.0	840		0	0		https://www.google.com/search?q=neochrome+lugnuts+with+lockey+key&oq=neochrome+lugnuts+with+lockey+key&aqs=chrome..69i57j0l5.10318j0j4&sourceid=chrome&ie=UTF-8#safe=off&q=neochrome+lugnuts+with+8+spline+locking+ey	https://www.google.com/search?q=neochrome+lugnuts+with+lockey+key&oq=neochrome+lugnuts+with+lockey+key&aqs=chrome..69i57j0l5.10318j0j4&sourceid=chrome&ie=UTF-8#safe=off&q=neochrome+lugnuts+with+8+spline+locking+key	0								5.0.4		37d69704a91cfe267c38e5d1700bb3a2	17	4	28	kafka-consumer-a03
1493410624	550	chrome	jdko5mq1djs4e3ninrn0o21o75a		65.51.107.0	840		0	0		https://www.google.com/search?q=neochrome+lugnuts+with+lockey+key&oq=neochrome+lugnuts+with+lockey+key&aqs=chrome..69i57j0l5.10318j0j4&sourceid=chrome&ie=UTF-8#safe=off&q=neochrome+lugnuts+with+8+spline+locking+key	https://www.google.com/search?q=neochrome+lugnuts+with+lockey+key&oq=neochrome+lugnuts+with+lockey+key&aqs=chrome..69i57j0l5.10318j0j4&sourceid=chrome&ie=UTF-8#safe=off&q=neochrome+lugnuts+with+8+spline+locking+ey	0								5.0.4		37d69704a91cfe267c38e5d1700bb3a2	17	4	28	kafka-consumer-a03
1493410628	550	chrome	jdko5mq1djs4e3ninrn0o21o75a		65.51.107.0	840		0	0	https://www.google.com/	https://www.google.com/search?q=neochrome+lugnuts+with+lockey+key&oq=neochrome+lugnuts+with+lockey+key&aqs=chrome..69i57j0l5.10318j0j4&sourceid=chrome&ie=UTF-8#safe=off&q=neochrome+lugnuts+with+8+spline+locking+ey	https://www.kseriesparts.com/cr/NRG-LN-L70MC.html?gclid=Cj0KEQjw0IvIBRDF0Yzq4qGE4IwBEiQATMQlMQqbt5MAV1JPGsM7ET6Pwe6PFySLVmXEjnupmbrYW0QaApXB8P8HAQ	0								5.0.4		37d69704a91cfe267c38e5d1700bb3a2	17	4	28	kafka-consumer-a03
1493410660	550	chrome	jdko5mq1djs4e3ninrn0o21o75a		65.51.107.0	840		0	0	https://www.kseriesparts.com/cr/NRG-LN-L70MC.html?gclid=Cj0KEQjw0IvIBRDF0Yzq4qGE4IwBEiQATMQlMQqbt5MAV1JPGsM7ET6Pwe6PFySLVmXEjnupmbrYW0QaApXB8P8HAQ	https://www.kseriesparts.com/cr/NRG-LN-L70MC.html?gclid=Cj0KEQjw0IvIBRDF0Yzq4qGE4IwBEiQATMQlMQqbt5MAV1JPGsM7ET6Pwe6PFySLVmXEjnupmbrYW0QaApXB8P8HAQ	https://www.kseriesparts.com/cr/NRG-LN-K700.html	0								5.0.4		37d69704a91cfe267c38e5d1700bb3a2	17	4	28	kafka-consumer-a03
1493410672	550	chrome	jdko5mq1djs4e3ninrn0o21o75a		65.51.107.0	840		0	0	https://www.google.com/	https://www.kseriesparts.com/cr/NRG-LN-K700.html	https://www.google.com/search?q=neochrome+lugnuts+with+lockey+key&oq=neochrome+lugnuts+with+lockey+key&aqs=chrome..69i57j0l5.10318j0j4&sourceid=chrome&ie=UTF-8#safe=off&q=neochrome+lugnuts+with+8+spline+locking+ey	0								5.0.4		37d69704a91cfe267c38e5d1700bb3a2	17	4	28	kafka-consumer-a03
1493410680	550	chrome	jdko5mq1djs4e3ninrn0o21o75a		65.51.107.0	840		0	0	https://www.google.com/	https://www.google.com/search?q=neochrome+lugnuts+with+lockey+key&oq=neochrome+lugnuts+with+lockey+key&aqs=chrome..69i57j0l5.10318j0j4&sourceid=chrome&ie=UTF-8#safe=off&q=neochrome+lugnuts+with+8+spline+locking+ey	https://www.summitracing.com/parts/rnb-711-355g?seid=srese1&cm_mmc=pla-google-_-shopping-_-srese1-_-dorman&gclid=Cj0KEQjw0IvIBRDF0Yzq4qGE4IwBEiQATMQlMTGs89hGvOeEUnat25mjVHbcBZtiQ60Zc46aEqj6sqEaAkvp8P8HAQ	0								5.0.4		37d69704a91cfe267c38e5d1700bb3a2	17	4	28	kafka-consumer-a03
1493410683	550	chrome	jdko5mq1djs4e3ninrn0o21o75a		65.51.107.0	840		0	0		https://www.summitracing.com/parts/rnb-711-355g?seid=srese1&cm_mmc=pla-google-_-shopping-_-srese1-_-dorman&gclid=Cj0KEQjw0IvIBRDF0Yzq4qGE4IwBEiQATMQlMTGs89hGvOeEUnat25mjVHbcBZtiQ60Zc46aEqj6sqEaAkvp8P8HAQ	https://www.google.com/search?q=neochrome+lugnuts+with+lockey+key&oq=neochrome+lugnuts+with+lockey+key&aqs=chrome..69i57j0l5.10318j0j4&sourceid=chrome&ie=UTF-8#safe=off&q=neochrome+lugnuts+with+8+spline+locking+ey	0								5.0.4		37d69704a91cfe267c38e5d1700bb3a2	17	4	28	kafka-consumer-a03
1493410694	550	chrome	jdko5mq1djs4e3ninrn0o21o75a		65.51.107.0	840		0	0		https://www.google.com/search?q=neochrome+lugnuts+with+8+spline+locking+ey&safe=off&source=lnms&tbm=isch&sa=X&ved=0ahUKEwj9r-CK_MfTAhUn74MKHR8hB5MQ_AUIBygC&biw=1162&bih=739	https://www.google.com/search?q=neochrome+lugnuts+with+8+spline+locking+ey&safe=off&source=lnms&tbm=isch&sa=X&ved=0ahUKEwj9r-CK_MfTAhUn74MKHR8hB5MQ_AUIBygC&biw=1162&bih=739#safe=off&tbm=isch&q=neochrome+lugnuts+with+8+spline+locking+key	0								5.0.4		37d69704a91cfe267c38e5d1700bb3a2	17	4	28	kafka-consumer-a03
1493410694	550	chrome	jdko5mq1djs4e3ninrn0o21o75a		65.51.107.0	840		0	0	https://www.google.com/	https://www.google.com/search?q=neochrome+lugnuts+with+lockey+key&oq=neochrome+lugnuts+with+lockey+key&aqs=chrome..69i57j0l5.10318j0j4&sourceid=chrome&ie=UTF-8#safe=off&q=neochrome+lugnuts+with+8+spline+locking+ey	https://www.google.com/search?q=neochrome+lugnuts+with+8+spline+locking+ey&safe=off&source=lnms&tbm=isch&sa=X&ved=0ahUKEwj9r-CK_MfTAhUn74MKHR8hB5MQ_AUIBygC&biw=1162&bih=739	0								5.0.4		37d69704a91cfe267c38e5d1700bb3a2	17	4	28	kafka-consumer-a03
1493410704	550	chrome	jdko5mq1djs4e3ninrn0o21o75a		65.51.107.0	840		0	0		https://www.google.com/search?q=neochrome+lugnuts+with+8+spline+locking+ey&safe=off&source=lnms&tbm=isch&sa=X&ved=0ahUKEwj9r-CK_MfTAhUn74MKHR8hB5MQ_AUIBygC&biw=1162&bih=739#safe=off&tbm=isch&q=neochrome+lugnuts+with+8+spline+locking+key	https://www.google.com/search?q=neochrome+lugnuts+with+8+spline+locking+ey&safe=off&source=lnms&tbm=isch&sa=X&ved=0ahUKEwj9r-CK_MfTAhUn74MKHR8hB5MQ_AUIBygC&biw=1162&bih=739#safe=off&tbm=isch&q=neochrome+lugnuts+with+8+spline+locking+key&imgrc=ZCL1beWYL6tafM:	0								5.0.4		37d69704a91cfe267c38e5d1700bb3a2	17	4	28	kafka-consumer-a03
1493410709	550	chrome	jdko5mq1djs4e3ninrn0o21o75a		65.51.107.0	840		0	0		https://www.google.com/search?q=neochrome+lugnuts+with+8+spline+locking+ey&safe=off&source=lnms&tbm=isch&sa=X&ved=0ahUKEwj9r-CK_MfTAhUn74MKHR8hB5MQ_AUIBygC&biw=1162&bih=739#safe=off&tbm=isch&q=neochrome+lugnuts+with+8+spline+locking+key&imgrc=ZCL1beWYL6tafM:	https://www.google.com/search?q=neochrome+lugnuts+with+8+spline+locking+ey&safe=off&source=lnms&tbm=isch&sa=X&ved=0ahUKEwj9r-CK_MfTAhUn74MKHR8hB5MQ_AUIBygC&biw=1162&bih=739#safe=off&tbm=isch&q=neochrome+lugnuts+with+8+spline+locking+key&imgdii=z0EBZ0iyLDGrpM:&imgrc=ZCL1beWYL6tafM:	0								5.0.4		37d69704a91cfe267c38e5d1700bb3a2	17	4	28	kafka-consumer-a03
1493410721	550	chrome	jdko5mq1djs4e3ninrn0o21o75a		65.51.107.0	840		0	0		https://www.google.com/search?q=neochrome+lugnuts+with+8+spline+locking+ey&safe=off&source=lnms&tbm=isch&sa=X&ved=0ahUKEwj9r-CK_MfTAhUn74MKHR8hB5MQ_AUIBygC&biw=1162&bih=739#safe=off&tbm=isch&q=neochrome+lugnuts+with+8+spline+locking+key&imgdii=z0EBZ0iyLDGrpM:&imgrc=ZCL1beWYL6tafM:	https://www.google.com/search?q=neochrome+lugnuts+with+8+spline+locking+ey&safe=off&source=lnms&tbm=isch&sa=X&ved=0ahUKEwj9r-CK_MfTAhUn74MKHR8hB5MQ_AUIBygC&biw=1162&bih=739#safe=off&tbm=isch&q=neochrome+lugnuts+with+8+spline+locking+key&imgdii=0-SaDg0KPf94HM:&imgrc=ZCL1beWYL6tafM:	0								5.0.4		37d69704a91cfe267c38e5d1700bb3a2	17	4	28	kafka-consumer-a03
1493410722	550	chrome	jdko5mq1djs4e3ninrn0o21o75a		65.51.107.0	840		0	0		https://www.google.com/search?q=neochrome+lugnuts+with+8+spline+locking+ey&safe=off&source=lnms&tbm=isch&sa=X&ved=0ahUKEwj9r-CK_MfTAhUn74MKHR8hB5MQ_AUIBygC&biw=1162&bih=739#safe=off&tbm=isch&q=neochrome+lugnuts+with+8+spline+locking+key&imgdii=0-SaDg0KPf94HM:&imgrc=ZCL1beWYL6tafM:	https://www.google.com/search?q=neochrome+lugnuts+with+8+spline+locking+ey&safe=off&source=lnms&tbm=isch&sa=X&ved=0ahUKEwj9r-CK_MfTAhUn74MKHR8hB5MQ_AUIBygC&biw=1162&bih=739#safe=off&tbm=isch&q=neochrome+lugnuts+with+8+spline+locking+key&imgdii=z0EBZ0iyLDGrpM:&imgrc=ZCL1beWYL6tafM:	0								5.0.4		37d69704a91cfe267c38e5d1700bb3a2	17	4	28	kafka-consumer-a03
1493410729	550	chrome	jdko5mq1djs4e3ninrn0o21o75a		65.51.107.0	840		0	0	https://www.google.com/	https://www.google.com/search?q=neochrome+lugnuts+with+8+spline+locking+ey&safe=off&source=lnms&tbm=isch&sa=X&ved=0ahUKEwj9r-CK_MfTAhUn74MKHR8hB5MQ_AUIBygC&biw=1162&bih=739#safe=off&tbm=isch&q=neochrome+lugnuts+with+8+spline+locking+key&imgdii=z0EBZ0iyLDGrpM:&imgrc=ZCL1beWYL6tafM:	https://www.google.com/url?sa=i&rct=j&q=&esrc=s&source=images&cd=&ved=0ahUKEwi0z4q9_MfTAhXIjVQKHTn4APkQjhwIBQ&url=https%3A%2F%2Fwww.nlmotoring.com%2FMuteki-SR48-locking-Lug-Nuts-Neo-Chrome-12x1-5-p%2Fmut-32902n.htm&psig=AFQjCNFOh_AwaKNu7nPUFIo2dxLz-vW5vQ&ust=1493497095647223	0								5.0.4		37d69704a91cfe267c38e5d1700bb3a2	17	4	28	kafka-consumer-a03
1493410734	550	chrome	jdko5mq1djs4e3ninrn0o21o75a		65.51.107.0	840		0	0	https://www.google.com/	https://www.google.com/url?sa=i&rct=j&q=&esrc=s&source=images&cd=&ved=0ahUKEwi0z4q9_MfTAhXIjVQKHTn4APkQjhwIBQ&url=https%3A%2F%2Fwww.nlmotoring.com%2FMuteki-SR48-locking-Lug-Nuts-Neo-Chrome-12x1-5-p%2Fmut-32902n.htm&psig=AFQjCNFOh_AwaKNu7nPUFIo2dxLz-vW5vQ&ust=1493497095647223	https://www.nlmotoring.com/Muteki-SR48-locking-Lug-Nuts-Neo-Chrome-12x1-5-p/mut-32902n.htm	0								5.0.4		37d69704a91cfe267c38e5d1700bb3a2	17	4	28	kafka-consumer-a03
1493410959	550	chrome	jdko5mq1djs4e3ninrn0o21o75a		65.51.107.0	840		0	0		https://www.google.com/search?q=neochrome+lugnuts+with+8+spline+locking+ey&safe=off&source=lnms&tbm=isch&sa=X&ved=0ahUKEwj9r-CK_MfTAhUn74MKHR8hB5MQ_AUIBygC&biw=1162&bih=739#safe=off&tbm=isch&q=neochrome+lugnuts+with+8+spline+locking+key&imgdii=z0EBZ0iyLDGrpM:&imgrc=ZCL1beWYL6tafM:	https://www.google.com/search?q=neochrome+lugnuts+with+8+spline+locking+ey&safe=off&source=lnms&tbm=isch&sa=X&ved=0ahUKEwj9r-CK_MfTAhUn74MKHR8hB5MQ_AUIBygC&biw=1162&bih=739#safe=off&tbm=isch&q=neochrome+lugnuts+with+8+spline+locking+key&imgrc=POVhcUPwQ6tczM:	0								5.0.4		37d69704a91cfe267c38e5d1700bb3a2	17	4	28	kafka-consumer-a03
1493410983	550	chrome	jdko5mq1djs4e3ninrn0o21o75a		65.51.107.0	840		0	0		https://www.google.com/search?q=neochrome+lugnuts+with+8+spline+locking+ey&safe=off&source=lnms&tbm=isch&sa=X&ved=0ahUKEwj9r-CK_MfTAhUn74MKHR8hB5MQ_AUIBygC&biw=1162&bih=739#safe=off&tbm=isch&q=neochrome+lugnuts+with+8+spline+locking+key&imgrc=POVhcUPwQ6tczM:	https://www.google.com/search?q=neochrome+lugnuts+with+8+spline+locking+ey&safe=off&source=lnms&tbm=isch&sa=X&ved=0ahUKEwj9r-CK_MfTAhUn74MKHR8hB5MQ_AUIBygC&biw=1162&bih=739#safe=off&tbm=isch&q=neochrome+lugnuts+with+8+spline+locking+key&imgrc=4WgApzfWswxkFM:	0								5.0.4		37d69704a91cfe267c38e5d1700bb3a2	17	4	28	kafka-consumer-a03
1493411006	550	chrome	jdko5mq1djs4e3ninrn0o21o75a		65.51.107.0	840		0	0		https://www.google.com/search?q=neochrome+lugnuts+with+8+spline+locking+ey&safe=off&source=lnms&tbm=isch&sa=X&ved=0ahUKEwj9r-CK_MfTAhUn74MKHR8hB5MQ_AUIBygC&biw=1162&bih=739#safe=off&tbm=isch&q=neochrome+lugnuts+with+8+spline+locking+key&imgrc=4WgApzfWswxkFM:	https://www.google.com/search?q=neochrome+lugnuts+with+8+spline+locking+ey&safe=off&source=lnms&tbm=isch&sa=X&ved=0ahUKEwj9r-CK_MfTAhUn74MKHR8hB5MQ_AUIBygC&biw=1162&bih=739#safe=off&tbm=isch&q=neochrome+lugnuts+with+8+spline+locking+key&imgrc=_	0								5.0.4		37d69704a91cfe267c38e5d1700bb3a2	17	4	28	kafka-consumer-a03
1493411011	550	chrome	jdko5mq1djs4e3ninrn0o21o75a		65.51.107.0	840		0	0		https://www.google.com/search?q=neochrome+lugnuts+with+8+spline+locking+ey&safe=off&source=lnms&tbm=isch&sa=X&ved=0ahUKEwj9r-CK_MfTAhUn74MKHR8hB5MQ_AUIBygC&biw=1162&bih=739#safe=off&tbm=isch&q=neochrome+lugnuts+with+8+spline+locking+key&imgrc=_	https://www.google.com/search?q=neochrome+lugnuts+with+8+spline+locking+ey&safe=off&source=lnms&tbm=isch&sa=X&ved=0ahUKEwj9r-CK_MfTAhUn74MKHR8hB5MQ_AUIBygC&biw=1162&bih=739#safe=off&tbm=isch&q=neochrome+lugnuts+with+8+spline+locking+key&imgrc=m7DSCUtvPUA-lM:	0								5.0.4		37d69704a91cfe267c38e5d1700bb3a2	17	4	28	kafka-consumer-a03
1493411012	550	chrome	jdko5mq1djs4e3ninrn0o21o75a		65.51.107.0	840		0	0		https://www.google.com/search?q=neochrome+lugnuts+with+8+spline+locking+ey&safe=off&source=lnms&tbm=isch&sa=X&ved=0ahUKEwj9r-CK_MfTAhUn74MKHR8hB5MQ_AUIBygC&biw=1162&bih=739#safe=off&tbm=isch&q=neochrome+lugnuts+with+8+spline+locking+key&imgrc=m7DSCUtvPUA-lM:	https://www.google.com/search?q=neochrome+lugnuts+with+8+spline+locking+ey&safe=off&source=lnms&tbm=isch&sa=X&ved=0ahUKEwj9r-CK_MfTAhUn74MKHR8hB5MQ_AUIBygC&biw=1162&bih=739#safe=off&tbm=isch&q=neochrome+lugnuts+with+8+spline+locking+key&imgrc=RtHCxKCepMeBTM:	0								5.0.4		37d69704a91cfe267c38e5d1700bb3a2	17	4	28	kafka-consumer-a03
1493411031	550	chrome	jdko5mq1djs4e3ninrn0o21o75a		65.51.107.0	840		0	0	https://www.google.com/	https://www.google.com/search?q=neochrome+lugnuts+with+8+spline+locking+ey&safe=off&source=lnms&tbm=isch&sa=X&ved=0ahUKEwj9r-CK_MfTAhUn74MKHR8hB5MQ_AUIBygC&biw=1162&bih=739#safe=off&tbm=isch&q=neochrome+lugnuts+with+8+spline+locking+key&imgrc=RtHCxKCepMeBTM:	https://www.google.com/url?sa=i&rct=j&q=&esrc=s&source=images&cd=&ved=0ahUKEwjtg6fH_cfTAhUB0mMKHVYpDMwQjhwIBQ&url=https%3A%2F%2Fwww.nlmotoring.com%2FMuteki-SR48-locking-Lug-Nuts-Neo-Chrome-12x1-5-p%2Fmut-32902n.htm&psig=AFQjCNFOh_AwaKNu7nPUFIo2dxLz-vW5vQ&ust=1493497095647223	0								5.0.4		37d69704a91cfe267c38e5d1700bb3a2	17	4	28	kafka-consumer-a03
1493411035	550	chrome	jdko5mq1djs4e3ninrn0o21o75a		65.51.107.0	840		0	0	https://www.google.com/	https://www.google.com/url?sa=i&rct=j&q=&esrc=s&source=images&cd=&ved=0ahUKEwjtg6fH_cfTAhUB0mMKHVYpDMwQjhwIBQ&url=https%3A%2F%2Fwww.nlmotoring.com%2FMuteki-SR48-locking-Lug-Nuts-Neo-Chrome-12x1-5-p%2Fmut-32902n.htm&psig=AFQjCNFOh_AwaKNu7nPUFIo2dxLz-vW5vQ&ust=1493497095647223	https://www.nlmotoring.com/Muteki-SR48-locking-Lug-Nuts-Neo-Chrome-12x1-5-p/mut-32902n.htm	0								5.0.4		37d69704a91cfe267c38e5d1700bb3a2	17	4	28	kafka-consumer-a03
1493411053	550	chrome	jdko5mq1djs4e3ninrn0o21o75a		65.51.107.0	840		0	0		https://www.google.com/search?q=neochrome+lugnuts+with+8+spline+locking+ey&safe=off&source=lnms&tbm=isch&sa=X&ved=0ahUKEwj9r-CK_MfTAhUn74MKHR8hB5MQ_AUIBygC&biw=1162&bih=739#safe=off&tbm=isch&q=neochrome+lugnuts+with+8+spline+locking+key&imgrc=RtHCxKCepMeBTM:	https://www.google.com/search?q=neochrome+lugnuts+with+8+spline+locking+ey&safe=off&source=lnms&tbm=isch&sa=X&ved=0ahUKEwj9r-CK_MfTAhUn74MKHR8hB5MQ_AUIBygC&biw=1162&bih=739#safe=off&tbm=isch&q=neochrome+lugnuts+with+8+spline+locking+key&imgrc=fKOnVMKSbDZ0UM:	0								5.0.4		37d69704a91cfe267c38e5d1700bb3a2	17	4	28	kafka-consumer-a03
1493411099	550	chrome	jdko5mq1djs4e3ninrn0o21o75a		65.51.107.0	840		0	0		https://www.google.com/search?q=neochrome+lugnuts+with+8+spline+locking+ey&safe=off&source=lnms&tbm=isch&sa=X&ved=0ahUKEwj9r-CK_MfTAhUn74MKHR8hB5MQ_AUIBygC&biw=1162&bih=739#safe=off&tbm=isch&q=neochrome+lugnuts+with+8+spline+locking+key&imgrc=fKOnVMKSbDZ0UM:	https://www.google.com/search?q=neochrome+lugnuts+with+8+spline+locking+ey&safe=off&source=lnms&tbm=isch&sa=X&ved=0ahUKEwj9r-CK_MfTAhUn74MKHR8hB5MQ_AUIBygC&biw=1162&bih=739#safe=off&tbm=isch&q=neochrome+lugnuts+with+8+spline+locking+key&imgdii=684UistSFg4jGM:&imgrc=fKOnVMKSbDZ0UM:	0								5.0.4		37d69704a91cfe267c38e5d1700bb3a2	17	4	28	kafka-consumer-a03
1493411130	550	chrome	jdko5mq1djs4e3ninrn0o21o75a		65.51.107.0	840		0	0		https://www.google.com/search?q=neochrome+lugnuts+with+8+spline+locking+ey&safe=off&source=lnms&tbm=isch&sa=X&ved=0ahUKEwj9r-CK_MfTAhUn74MKHR8hB5MQ_AUIBygC&biw=1162&bih=739#safe=off&tbm=isch&q=neochrome+lugnuts+with+8+spline+locking+key&imgdii=684UistSFg4jGM:&imgrc=fKOnVMKSbDZ0UM:	https://www.google.com/search?q=neochrome+lugnuts+with+8+spline+locking+ey&safe=off&source=lnms&tbm=isch&sa=X&ved=0ahUKEwj9r-CK_MfTAhUn74MKHR8hB5MQ_AUIBygC&biw=1162&bih=739#safe=off&tbm=isch&q=neochrome+lugnuts+with+8+spline+locking+key&imgdii=ZHe-OcgQ7xH8TM:&imgrc=fKOnVMKSbDZ0UM:	0								5.0.4		37d69704a91cfe267c38e5d1700bb3a2	17	4	28	kafka-consumer-a03
1493411133	550	chrome	jdko5mq1djs4e3ninrn0o21o75a		65.51.107.0	840		0	0		https://www.google.com/search?q=neochrome+lugnuts+with+8+spline+locking+ey&safe=off&source=lnms&tbm=isch&sa=X&ved=0ahUKEwj9r-CK_MfTAhUn74MKHR8hB5MQ_AUIBygC&biw=1162&bih=739#safe=off&tbm=isch&q=neochrome+lugnuts+with+8+spline+locking+key&imgdii=ZHe-OcgQ7xH8TM:&imgrc=fKOnVMKSbDZ0UM:	https://www.google.com/search?q=neochrome+lugnuts+with+8+spline+locking+ey&safe=off&source=lnms&tbm=isch&sa=X&ved=0ahUKEwj9r-CK_MfTAhUn74MKHR8hB5MQ_AUIBygC&biw=1162&bih=739#safe=off&tbm=isch&q=neochrome+lugnuts+with+8+spline+locking+key&imgdii=684UistSFg4jGM:&imgrc=fKOnVMKSbDZ0UM:	0								5.0.4		37d69704a91cfe267c38e5d1700bb3a2	17	4	28	kafka-consumer-a03
1493411139	550	chrome	jdko5mq1djs4e3ninrn0o21o75a		65.51.107.0	840		0	0		https://www.google.com/search?q=neochrome+lugnuts+with+8+spline+locking+ey&safe=off&source=lnms&tbm=isch&sa=X&ved=0ahUKEwj9r-CK_MfTAhUn74MKHR8hB5MQ_AUIBygC&biw=1162&bih=739#safe=off&tbm=isch&q=neochrome+lugnuts+with+8+spline+locking+key&imgdii=684UistSFg4jGM:&imgrc=fKOnVMKSbDZ0UM:	https://www.google.com/search?q=neochrome+lugnuts+with+8+spline+locking+ey&safe=off&source=lnms&tbm=isch&sa=X&ved=0ahUKEwj9r-CK_MfTAhUn74MKHR8hB5MQ_AUIBygC&biw=1162&bih=739#safe=off&tbm=isch&q=neochrome+lugnuts+with+8+spline+locking+key&imgrc=_	0								5.0.4		37d69704a91cfe267c38e5d1700bb3a2	17	4	28	kafka-consumer-a03
1493411174	550	chrome	jdko5mq1djs4e3ninrn0o21o75a		65.51.107.0	840		0	0	https://www.google.com/	https://www.google.com/search?q=neochrome+lugnuts+with+8+spline+locking+ey&safe=off&source=lnms&tbm=isch&sa=X&ved=0ahUKEwj9r-CK_MfTAhUn74MKHR8hB5MQ_AUIBygC&biw=1162&bih=739#safe=off&tbm=isch&q=neochrome+lugnuts+with+8+spline+locking+key&imgrc=_	https://www.google.com/search?q=neochrome+lugnuts+with+8+spline+locking+key&safe=off&source=lnms&sa=X&ved=0ahUKEwjZu-Cv_MfTAhUE7yYKHaLXAUMQ_AUIBSgA&biw=1162&bih=739&dpr=1	0								5.0.4		37d69704a91cfe267c38e5d1700bb3a2	17	4	28	kafka-consumer-a03
1493411193	550	chrome	jdko5mq1djs4e3ninrn0o21o75a		65.51.107.0	840		0	0	https://www.google.com/	https://www.google.com/search?q=neochrome+lugnuts+with+8+spline+locking+key&safe=off&source=lnms&sa=X&ved=0ahUKEwjZu-Cv_MfTAhUE7yYKHaLXAUMQ_AUIBSgA&biw=1162&bih=739&dpr=1	https://picclick.com/1-8-Spline-Splines-Key-For-Mcgard-152320882230.html	0								5.0.4		37d69704a91cfe267c38e5d1700bb3a2	17	4	28	kafka-consumer-a03
1493411290	550	chrome	jdko5mq1djs4e3ninrn0o21o75a		65.51.107.0	840		0	0		https://picclick.com/1-8-Spline-Splines-Key-For-Mcgard-152320882230.html	https://picclick.com/1-8-Spline-Splines-Key-For-Mcgard-152320882230.html#&gid=1&pid=1	0								5.0.4		37d69704a91cfe267c38e5d1700bb3a2	17	4	28	kafka-consumer-a03
1493411299	550	chrome	jdko5mq1djs4e3ninrn0o21o75a		65.51.107.0	840		0	0		https://picclick.com/1-8-Spline-Splines-Key-For-Mcgard-152320882230.html#&gid=1&pid=1	https://picclick.com/1-8-Spline-Splines-Key-For-Mcgard-152320882230.html	0								5.0.4		37d69704a91cfe267c38e5d1700bb3a2	17	4	28	kafka-consumer-a03
1493411303	550	chrome	jdko5mq1djs4e3ninrn0o21o75a		65.51.107.0	840		0	0	https://picclick.com/1-8-Spline-Splines-Key-For-Mcgard-152320882230.html	https://picclick.com/1-8-Spline-Splines-Key-For-Mcgard-152320882230.html	http://www.ebay.com/itm/152320882230?rmvSB=true	0								5.0.4		37d69704a91cfe267c38e5d1700bb3a2	17	4	28	kafka-consumer-a03
1493411329	550	chrome	jdko5mq1djs4e3ninrn0o21o75a		65.51.107.0	840		0	0		http://www.ebay.com/itm/152320882230?rmvSB=true	http://www.ebay.com/itm/152320882230?rmvSB=true#rpdCntId	0								5.0.4		37d69704a91cfe267c38e5d1700bb3a2	17	4	28	kafka-consumer-a03
1493411331	550	chrome	jdko5mq1djs4e3ninrn0o21o75a		65.51.107.0	840		0	0		http://www.ebay.com/itm/152320882230?rmvSB=true#rpdCntId	http://www.ebay.com/itm/152320882230?rmvSB=true	0								5.0.4		37d69704a91cfe267c38e5d1700bb3a2	17	4	28	kafka-consumer-a03
1493411341	550	chrome	jdko5mq1djs4e3ninrn0o21o75a		65.51.107.0	840		0	0	http://www.ebay.com/itm/152320882230?rmvSB=true	http://www.ebay.com/itm/152320882230?rmvSB=true	https://signin.ebay.com/ws/eBayISAPI.dll?SignIn&ru=http%3A%2F%2Foffer.ebay.com%2Fws%2FeBayISAPI.dll%3FBinConfirm%26item%3D152320882230%26quantity%3D1%26fb%3D1%26frompage%3D2047675%26rev%3D1%26BidBinInfo%3D%253CbidInfo%253E%253CID%253E152320882230%253C%252FID%253E%253CMB%253E%253C%252FMB%253E%253CQTY%253E1%253C%252FQTY%253E%253C%252FbidInfo%253E&pageType=2143&onepagereg=1&item=152320882230&ICurl=https%3A%2F%2Fsecureimg.ebayimg.com%2Fi%2F00%2Fs%2FMTAwOFgxNDEz%2Fz%2Fke8AAOSwXeJYEnTo%2F%24_0.JPG&ICtitle=1+-+8+Spline+Splines+Key+For+Mcgard+Tuner+Lug+Nuts+For+A+Car+65100+New&ICdateMedium=May-15-17&ICtimeLong=18%3A40%3A06+PDT&gch=1&gchru=https%3A%2F%2Fpay.ebay.com%2Fgxo%3Faction%3Dcreate%26rypsvc%3Dtrue%26pagename%3Dryp%26item%3D152320882230%26quantity%3D1%26transactionid%3D-1%26rev%3D1	0								5.0.4		37d69704a91cfe267c38e5d1700bb3a2	17	4	28	kafka-consumer-a03
1493411720	550	chrome	jdko5mq1djs4e3ninrn0o21o75a		65.51.107.0	840		0	0	https://www.google.com/	http://stores.ebay.com/LugNutGuys/Locking-Lug-Nuts-/_i.html?_fsub=1980400017&_sasi=1&_sid=23453627&_trksid=p4634.c0.m322	http://stores.ebay.com/LugNutGuys	0								5.0.4		37d69704a91cfe267c38e5d1700bb3a2	17	4	28	kafka-consumer-a03
1493411722	550	chrome	jdko5mq1djs4e3ninrn0o21o75a		65.51.107.0	840		0	0	http://stores.ebay.com/LugNutGuys	http://stores.ebay.com/LugNutGuys	http://stores.ebay.com/LugNutGuys_W0QQ_sasiZ1	0								5.0.4		37d69704a91cfe267c38e5d1700bb3a2	17	4	28	kafka-consumer-a03
1493411780	550	chrome	jdko5mq1djs4e3ninrn0o21o75a		65.51.107.0	840		0	0		http://stores.ebay.com/LugNutGuys_W0QQ_sasiZ1	https://www.google.com/search?q=autzone+bound+brook&oq=autzone+bound+brook+&aqs=chrome..69i57j0l4.3110j0j7&sourceid=chrome&ie=UTF-8	0								5.0.4		37d69704a91cfe267c38e5d1700bb3a2	17	4	28	kafka-consumer-a03
1493411782	550	chrome	jdko5mq1djs4e3ninrn0o21o75a		65.51.107.0	840		0	0	https://www.google.com/	https://www.google.com/search?q=autzone+bound+brook&oq=autzone+bound+brook+&aqs=chrome..69i57j0l4.3110j0j7&sourceid=chrome&ie=UTF-8	http://www.autozone.com/locations/nj/bound-brook/491-w-union-ave.html	0								5.0.4		37d69704a91cfe267c38e5d1700bb3a2	17	4	28	kafka-consumer-a03
1493411802	550	chrome	jdko5mq1djs4e3ninrn0o21o75a		65.51.107.0	840		0	0	http://www.autozone.com/locations/nj/bound-brook/491-w-union-ave.html	http://www.autozone.com/locations/nj/bound-brook/491-w-union-ave.html	http://www.autozone.com/exterior-accessories?cmpid=yext_topnav_exterioraccessories	0								5.0.4		37d69704a91cfe267c38e5d1700bb3a2	17	4	28	kafka-consumer-a03
1493411812	550	chrome	jdko5mq1djs4e3ninrn0o21o75a		65.51.107.0	840		0	0	http://www.autozone.com/exterior-accessories?cmpid=yext_topnav_exterioraccessories	http://www.autozone.com/exterior-accessories?cmpid=yext_topnav_exterioraccessories	http://www.autozone.com/searchresult?searchText=lock%20nut&vehicleSetFromSearch=false&keywords=lock%20nut	0								5.0.4		37d69704a91cfe267c38e5d1700bb3a2	17	4	28	kafka-consumer-a03
1493411825	550	chrome	jdko5mq1djs4e3ninrn0o21o75a		65.51.107.0	840		0	0	http://www.autozone.com/searchresult?searchText=lock%20nut&vehicleSetFromSearch=false&keywords=lock%20nut	http://www.autozone.com/searchresult?searchText=lock%20nut&vehicleSetFromSearch=false&keywords=lock%20nut	http://www.autozone.com/suspension-steering-tire-and-wheel/wheel-nut-lock?filterByKeyWord=lock+nut&fromString=search&isIgnoreVehicle=false&newYmme=true	0								5.0.4		37d69704a91cfe267c38e5d1700bb3a2	17	4	28	kafka-consumer-a03
1493411872	550	chrome	jdko5mq1djs4e3ninrn0o21o75a		65.51.107.0	840		0	0	http://www.autozone.com/suspension-steering-tire-and-wheel/wheel-nut-lock?filterByKeyWord=lock+nut&fromString=search&isIgnoreVehicle=false&newYmme=true	http://www.autozone.com/suspension-steering-tire-and-wheel/wheel-nut-lock?filterByKeyWord=lock+nut&fromString=search&isIgnoreVehicle=false&newYmme=true	http://www.autozone.com/suspension-steering-tire-and-wheel/wheel-nut-lock?pageNumber=2&filterByKeyWord=lock+nut&fromString=search	0								5.0.4		37d69704a91cfe267c38e5d1700bb3a2	17	4	28	kafka-consumer-a03
1493411884	550	chrome	jdko5mq1djs4e3ninrn0o21o75a		65.51.107.0	840		0	0	http://www.autozone.com/suspension-steering-tire-and-wheel/wheel-nut-lock?pageNumber=2&filterByKeyWord=lock+nut&fromString=search	http://www.autozone.com/suspension-steering-tire-and-wheel/wheel-nut-lock?pageNumber=2&filterByKeyWord=lock+nut&fromString=search	http://www.autozone.com/suspension-steering-tire-and-wheel/wheel-nut-lock?pageNumber=3&filterByKeyWord=lock+nut&fromString=search	0								5.0.4		37d69704a91cfe267c38e5d1700bb3a2	17	4	28	kafka-consumer-a03
1493411893	550	chrome	jdko5mq1djs4e3ninrn0o21o75a		65.51.107.0	840		0	0	http://www.autozone.com/suspension-steering-tire-and-wheel/wheel-nut-lock?pageNumber=3&filterByKeyWord=lock+nut&fromString=search	http://www.autozone.com/suspension-steering-tire-and-wheel/wheel-nut-lock?pageNumber=3&filterByKeyWord=lock+nut&fromString=search	http://www.autozone.com/suspension-steering-tire-and-wheel/wheel-nut-lock?pageNumber=4&filterByKeyWord=lock+nut&fromString=search	0								5.0.4		37d69704a91cfe267c38e5d1700bb3a2	17	4	28	kafka-consumer-a03
1493411923	550	chrome	jdko5mq1djs4e3ninrn0o21o75a		65.51.107.0	840		0	0	http://www.autozone.com/suspension-steering-tire-and-wheel/wheel-nut-lock?pageNumber=4&filterByKeyWord=lock+nut&fromString=search	http://www.autozone.com/suspension-steering-tire-and-wheel/wheel-nut-lock?pageNumber=4&filterByKeyWord=lock+nut&fromString=search	http://www.autozone.com/suspension-steering-tire-and-wheel/wheel-nut-lock?pageNumber=5&filterByKeyWord=lock+nut&fromString=search	0								5.0.4		37d69704a91cfe267c38e5d1700bb3a2	17	4	28	kafka-consumer-a03
1493411932	550	chrome	jdko5mq1djs4e3ninrn0o21o75a		65.51.107.0	840		0	0	http://www.autozone.com/suspension-steering-tire-and-wheel/wheel-nut-lock?pageNumber=5&filterByKeyWord=lock+nut&fromString=search	http://www.autozone.com/suspension-steering-tire-and-wheel/wheel-nut-lock?pageNumber=5&filterByKeyWord=lock+nut&fromString=search	http://www.autozone.com/suspension-steering-tire-and-wheel/wheel-nut-lock?pageNumber=6&filterByKeyWord=lock+nut&fromString=search	0								5.0.4		37d69704a91cfe267c38e5d1700bb3a2	17	4	28	kafka-consumer-a03
1493411949	550	chrome	jdko5mq1djs4e3ninrn0o21o75a		65.51.107.0	840		0	0	http://www.autozone.com/suspension-steering-tire-and-wheel/wheel-nut-lock?pageNumber=6&filterByKeyWord=lock+nut&fromString=search	http://www.autozone.com/suspension-steering-tire-and-wheel/wheel-nut-lock?pageNumber=6&filterByKeyWord=lock+nut&fromString=search	http://www.autozone.com/suspension-steering-tire-and-wheel/wheel-nut-lock?pageNumber=7&filterByKeyWord=lock+nut&fromString=search	0								5.0.4		37d69704a91cfe267c38e5d1700bb3a2	17	4	28	kafka-consumer-a03
1493411961	550	chrome	jdko5mq1djs4e3ninrn0o21o75a		65.51.107.0	840		0	0	http://www.autozone.com/suspension-steering-tire-and-wheel/wheel-nut-lock?pageNumber=7&filterByKeyWord=lock+nut&fromString=search	http://www.autozone.com/suspension-steering-tire-and-wheel/wheel-nut-lock?pageNumber=7&filterByKeyWord=lock+nut&fromString=search	http://www.autozone.com/suspension-steering-tire-and-wheel/wheel-nut-lock?pageNumber=8&filterByKeyWord=lock+nut&fromString=search	0								5.0.4		37d69704a91cfe267c38e5d1700bb3a2	17	4	28	kafka-consumer-a03
1493411977	550	chrome	jdko5mq1djs4e3ninrn0o21o75a		65.51.107.0	840		0	0	http://www.autozone.com/suspension-steering-tire-and-wheel/wheel-nut-lock?pageNumber=8&filterByKeyWord=lock+nut&fromString=search	http://www.autozone.com/suspension-steering-tire-and-wheel/wheel-nut-lock?pageNumber=8&filterByKeyWord=lock+nut&fromString=search	http://www.autozone.com/suspension-steering-tire-and-wheel/wheel-nut-lock?pageNumber=9&filterByKeyWord=lock+nut&fromString=search	0								5.0.4		37d69704a91cfe267c38e5d1700bb3a2	17	4	28	kafka-consumer-a03
1493412008	550	chrome	jdko5mq1djs4e3ninrn0o21o75a		65.51.107.0	840		0	0	http://www.autozone.com/suspension-steering-tire-and-wheel/wheel-nut-lock?pageNumber=9&filterByKeyWord=lock+nut&fromString=search	http://www.autozone.com/suspension-steering-tire-and-wheel/wheel-nut-lock?pageNumber=9&filterByKeyWord=lock+nut&fromString=search	http://www.autozone.com/suspension-steering-tire-and-wheel/wheel-nut-lock?pageNumber=10&filterByKeyWord=lock+nut&fromString=search	0								5.0.4		37d69704a91cfe267c38e5d1700bb3a2	17	4	28	kafka-consumer-a03
1493412018	550	chrome	jdko5mq1djs4e3ninrn0o21o75a		65.51.107.0	840		0	0	http://www.autozone.com/suspension-steering-tire-and-wheel/wheel-nut-lock?pageNumber=10&filterByKeyWord=lock+nut&fromString=search	http://www.autozone.com/suspension-steering-tire-and-wheel/wheel-nut-lock?pageNumber=10&filterByKeyWord=lock+nut&fromString=search	http://www.autozone.com/suspension-steering-tire-and-wheel/wheel-nut-lock?pageNumber=11&filterByKeyWord=lock+nut&fromString=search	0								5.0.4		37d69704a91cfe267c38e5d1700bb3a2	17	4	28	kafka-consumer-a03
1493412027	550	chrome	jdko5mq1djs4e3ninrn0o21o75a		65.51.107.0	840		0	0	http://www.autozone.com/suspension-steering-tire-and-wheel/wheel-nut-lock?pageNumber=11&filterByKeyWord=lock+nut&fromString=search	http://www.autozone.com/suspension-steering-tire-and-wheel/wheel-nut-lock?pageNumber=11&filterByKeyWord=lock+nut&fromString=search	http://www.autozone.com/suspension-steering-tire-and-wheel/wheel-nut-lock?pageNumber=12&filterByKeyWord=lock+nut&fromString=search	0								5.0.4		37d69704a91cfe267c38e5d1700bb3a2	17	4	28	kafka-consumer-a03
1493412035	550	chrome	jdko5mq1djs4e3ninrn0o21o75a		65.51.107.0	840		0	0	http://www.autozone.com/suspension-steering-tire-and-wheel/wheel-nut-lock?pageNumber=12&filterByKeyWord=lock+nut&fromString=search	http://www.autozone.com/suspension-steering-tire-and-wheel/wheel-nut-lock?pageNumber=12&filterByKeyWord=lock+nut&fromString=search	http://www.autozone.com/suspension-steering-tire-and-wheel/wheel-nut-lock?pageNumber=13&filterByKeyWord=lock+nut&fromString=search	0								5.0.4		37d69704a91cfe267c38e5d1700bb3a2	17	4	28	kafka-consumer-a03
1493412046	550	chrome	jdko5mq1djs4e3ninrn0o21o75a		65.51.107.0	840		0	0	http://www.autozone.com/suspension-steering-tire-and-wheel/wheel-nut-lock?pageNumber=11&filterByKeyWord=lock+nut&fromString=search	http://www.autozone.com/suspension-steering-tire-and-wheel/wheel-nut-lock?pageNumber=13&filterByKeyWord=lock+nut&fromString=search	http://www.autozone.com/suspension-steering-tire-and-wheel/wheel-nut-lock?pageNumber=12&filterByKeyWord=lock+nut&fromString=search	0								5.0.4		37d69704a91cfe267c38e5d1700bb3a2	17	4	28	kafka-consumer-a03
1493412073	550	chrome	jdko5mq1djs4e3ninrn0o21o75a		65.51.107.0	840		0	0	http://www.autozone.com/suspension-steering-tire-and-wheel/wheel-nut-lock?pageNumber=9&filterByKeyWord=lock+nut&fromString=search	http://www.autozone.com/suspension-steering-tire-and-wheel/wheel-nut-lock?pageNumber=12&filterByKeyWord=lock+nut&fromString=search	https://www.pepboys.com/	0								5.0.4		37d69704a91cfe267c38e5d1700bb3a2	17	4	28	kafka-consumer-a03
1493412091	550	chrome	jdko5mq1djs4e3ninrn0o21o75a		65.51.107.0	840		0	0	https://www.pepboys.com/	https://www.pepboys.com/	https://www.pepboys.com/search/?term=lock+nut	0								5.0.4		37d69704a91cfe267c38e5d1700bb3a2	17	4	28	kafka-consumer-a03
1493412100	550	chrome	jdko5mq1djs4e3ninrn0o21o75a		65.51.107.0	840		0	0	https://www.pepboys.com/search/?term=lock+nut	https://www.pepboys.com/search/?term=lock+nut	https://www.pepboys.com/product/details/9167643/01014	0								5.0.4		37d69704a91cfe267c38e5d1700bb3a2	17	4	28	kafka-consumer-a03
1493412122	550	chrome	jdko5mq1djs4e3ninrn0o21o75a		65.51.107.0	840		0	0	https://www.pepboys.com/	https://www.pepboys.com/product/details/9167643/01014	https://www.pepboys.com/search/?term=lock+nut	0								5.0.4		37d69704a91cfe267c38e5d1700bb3a2	17	4	28	kafka-consumer-a03
1493413045	550	chrome	jdko5mq1djs4e3ninrn0o21o75a		65.51.107.0	840		0	0		http://stores.ebay.com/LugNutGuys_W0QQ_sasiZ1	https://cnj.craigslist.org/	0								5.0.4		37d69704a91cfe267c38e5d1700bb3a2	17	4	28	kafka-consumer-a03
1493413048	550	chrome	jdko5mq1djs4e3ninrn0o21o75a		65.51.107.0	840		0	0	https://cnj.craigslist.org/	https://cnj.craigslist.org/	https://cnj.craigslist.org/i/autos	0								5.0.4		37d69704a91cfe267c38e5d1700bb3a2	17	4	28	kafka-consumer-a03
1493413052	550	chrome	jdko5mq1djs4e3ninrn0o21o75a		65.51.107.0	840		0	0	https://cnj.craigslist.org/i/autos	https://cnj.craigslist.org/i/autos	https://cnj.craigslist.org/search/cta	0								5.0.4		37d69704a91cfe267c38e5d1700bb3a2	17	4	28	kafka-consumer-a03
1493413056	550	chrome	jdko5mq1djs4e3ninrn0o21o75a		65.51.107.0	840		0	0	https://cnj.craigslist.org/search/cta	https://cnj.craigslist.org/search/cta	https://cnj.craigslist.org/search/cta?query=240sx	0								5.0.4		37d69704a91cfe267c38e5d1700bb3a2	17	4	28	kafka-consumer-a03
1493413096	550	chrome	jdko5mq1djs4e3ninrn0o21o75a		65.51.107.0	840		0	0	https://cnj.craigslist.org/search/cta?query=240sx	https://cnj.craigslist.org/search/cta?query=240sx	https://philadelphia.craigslist.org/cto/6091335508.html	0								5.0.4		37d69704a91cfe267c38e5d1700bb3a2	17	4	28	kafka-consumer-a03
1493413111	550	chrome	jdko5mq1djs4e3ninrn0o21o75a		65.51.107.0	840		0	0	https://cnj.craigslist.org/search/cta	https://philadelphia.craigslist.org/cto/6091335508.html	https://cnj.craigslist.org/search/cta?query=240sx	0								5.0.4		37d69704a91cfe267c38e5d1700bb3a2	17	4	28	kafka-consumer-a03
1493413144	550	chrome	jdko5mq1djs4e3ninrn0o21o75a		65.51.107.0	840		0	0	https://cnj.craigslist.org/search/cta?query=240sx	https://cnj.craigslist.org/search/cta?query=240sx	https://philadelphia.craigslist.org/cto/6085058887.html	0								5.0.4		37d69704a91cfe267c38e5d1700bb3a2	17	4	28	kafka-consumer-a03
1493413283	550	chrome	jdko5mq1djs4e3ninrn0o21o75a		65.51.107.0	840		0	0	https://cnj.craigslist.org/search/cta	https://philadelphia.craigslist.org/cto/6085058887.html	https://cnj.craigslist.org/search/cta?query=240sx	0								5.0.4		37d69704a91cfe267c38e5d1700bb3a2	17	4	28	kafka-consumer-a03
1493413293	550	chrome	jdko5mq1djs4e3ninrn0o21o75a		65.51.107.0	840		0	0	https://cnj.craigslist.org/search/cta?query=240sx	https://cnj.craigslist.org/search/cta?query=240sx	https://newyork.craigslist.org/que/cto/6106930789.html	0								5.0.4		37d69704a91cfe267c38e5d1700bb3a2	17	4	28	kafka-consumer-a03
1493413315	550	chrome	jdko5mq1djs4e3ninrn0o21o75a		65.51.107.0	840		0	0	https://cnj.craigslist.org/search/cta	https://newyork.craigslist.org/que/cto/6106930789.html	https://cnj.craigslist.org/search/cta?query=240sx	0								5.0.4		37d69704a91cfe267c38e5d1700bb3a2	17	4	28	kafka-consumer-a03
1493413353	550	chrome	jdko5mq1djs4e3ninrn0o21o75a		65.51.107.0	840		0	0	https://cnj.craigslist.org/search/cta?query=240sx	https://cnj.craigslist.org/search/cta?query=240sx	https://newjersey.craigslist.org/cto/6103820681.html	0								5.0.4		37d69704a91cfe267c38e5d1700bb3a2	17	4	28	kafka-consumer-a03
1493413360	550	chrome	jdko5mq1djs4e3ninrn0o21o75a		65.51.107.0	840		0	0	https://cnj.craigslist.org/search/cta	https://newjersey.craigslist.org/cto/6103820681.html	https://cnj.craigslist.org/search/cta?query=240sx	0								5.0.4		37d69704a91cfe267c38e5d1700bb3a2	17	4	28	kafka-consumer-a03
1493413363	550	chrome	jdko5mq1djs4e3ninrn0o21o75a		65.51.107.0	840		0	0	https://cnj.craigslist.org/search/cta?query=240sx	https://cnj.craigslist.org/search/cta?query=240sx	https://newjersey.craigslist.org/cto/6098487433.html	0								5.0.4		37d69704a91cfe267c38e5d1700bb3a2	17	4	28	kafka-consumer-a03
1493413401	550	chrome	jdko5mq1djs4e3ninrn0o21o75a		65.51.107.0	840		0	0	https://cnj.craigslist.org/search/cta	https://newjersey.craigslist.org/cto/6098487433.html	https://cnj.craigslist.org/search/cta?query=240sx	0								5.0.4		37d69704a91cfe267c38e5d1700bb3a2	17	4	28	kafka-consumer-a03
1493413494	550	chrome	jdko5mq1djs4e3ninrn0o21o75a		65.51.107.0	840		0	0		https://www.pepboys.com/search/?term=lock+nut	https://www.google.com/search?q=how+to+get+a+locking+nut+off+without+the+key&oq=how+to+get+locking+nut+&aqs=chrome.2.69i57j0l5.5599j0j7&sourceid=chrome&ie=UTF-8	0								5.0.4		37d69704a91cfe267c38e5d1700bb3a2	17	4	28	kafka-consumer-a03
1493413520	550	chrome	jdko5mq1djs4e3ninrn0o21o75a		65.51.107.0	840		0	0	https://www.google.com/	https://www.google.com/search?q=how+to+get+a+locking+nut+off+without+the+key&oq=how+to+get+locking+nut+&aqs=chrome.2.69i57j0l5.5599j0j7&sourceid=chrome&ie=UTF-8	https://www.youtube.com/watch?v=pyBHK2jjupg	0								5.0.4		37d69704a91cfe267c38e5d1700bb3a2	17	4	28	kafka-consumer-a03
1493413601	550	chrome	jdko5mq1djs4e3ninrn0o21o75a		65.51.107.0	840		0	0		https://www.youtube.com/watch?v=pyBHK2jjupg	https://www.youtube.com/watch?v=mJUUyjJqk5A	0								5.0.4		37d69704a91cfe267c38e5d1700bb3a2	17	4	28	kafka-consumer-a03
1493413790	550	chrome	jdko5mq1djs4e3ninrn0o21o75a		65.51.107.0	840		0	0		https://www.youtube.com/watch?v=mJUUyjJqk5A	https://www.youtube.com/watch?v=LGpuFwEKpUM	0								5.0.4		37d69704a91cfe267c38e5d1700bb3a2	17	4	28	kafka-consumer-a03
1493413893	550	chrome	jdko5mq1djs4e3ninrn0o21o75a		65.51.107.0	840		0	0		https://www.youtube.com/watch?v=LGpuFwEKpUM	https://www.youtube.com/watch?v=VvK-o-vUx7c	0								5.0.4		37d69704a91cfe267c38e5d1700bb3a2	17	4	28	kafka-consumer-a03
1493414044	550	chrome	jdko5mq1djs4e3ninrn0o21o75a		65.51.107.0	840		0	0		https://www.youtube.com/watch?v=VvK-o-vUx7c	https://www.youtube.com/watch?v=9insNChLHmU	0								5.0.4		37d69704a91cfe267c38e5d1700bb3a2	17	4	28	kafka-consumer-a03
1493414049	550	chrome	jdko5mq1djs4e3ninrn0o21o75a		65.51.107.0	840		0	0		https://www.youtube.com/watch?v=9insNChLHmU	https://www.youtube.com/watch?v=VvK-o-vUx7c	0								5.0.4		37d69704a91cfe267c38e5d1700bb3a2	17	4	28	kafka-consumer-a03
1493414058	550	chrome	jdko5mq1djs4e3ninrn0o21o75a		65.51.107.0	840		0	0		https://www.youtube.com/watch?v=VvK-o-vUx7c	https://www.youtube.com/watch?v=9insNChLHmU	0								5.0.4		37d69704a91cfe267c38e5d1700bb3a2	17	4	28	kafka-consumer-a03
1493414089	550	chrome	jdko5mq1djs4e3ninrn0o21o75a		65.51.107.0	840		0	0		https://www.youtube.com/watch?v=9insNChLHmU	https://www.youtube.com/watch?v=MKQJok2TnYk	0								5.0.4		37d69704a91cfe267c38e5d1700bb3a2	17	4	28	kafka-consumer-a03
1493414270	550	chrome	jdko5mq1djs4e3ninrn0o21o75a		65.51.107.0	840		0	0		https://www.youtube.com/watch?v=MKQJok2TnYk	https://www.amazon.com/gp/product/B008	0								5.0.4		37d69704a91cfe267c38e5d1700bb3a2	17	4	28	kafka-consumer-a03
1493414280	550	chrome	jdko5mq1djs4e3ninrn0o21o75a		65.51.107.0	840		0	0		https://www.youtube.com/watch?v=MKQJok2TnYk	https://www.amazon.com/gp/product/B000	0								5.0.4		37d69704a91cfe267c38e5d1700bb3a2	17	4	28	kafka-consumer-a03
1493414284	550	chrome	jdko5mq1djs4e3ninrn0o21o75a		65.51.107.0	840		0	0		https://www.youtube.com/watch?v=MKQJok2TnYk	https://www.amazon.com/gp/product/B008	0								5.0.4		37d69704a91cfe267c38e5d1700bb3a2	17	4	28	kafka-consumer-a03
1493414292	550	chrome	jdko5mq1djs4e3ninrn0o21o75a		65.51.107.0	840		0	0		https://www.youtube.com/watch?v=MKQJok2TnYk	https://www.amazon.com/DEWALT-DW1354-14-Piece-Titanium-Drill/dp/B0045PQ762/ref=as_li_ss_tl?ie=UTF8&keywords=dewalt%20pilot%20point&qid=1459295862&ref_=sr_1_2&sr=8-2&linkCode=sl1&tag=httpswwwy0025-20&linkId=bde0181375ca81621a4bed745b80d046	0								5.0.4		37d69704a91cfe267c38e5d1700bb3a2	17	4	28	kafka-consumer-a03
1493414382	550	chrome	jdko5mq1djs4e3ninrn0o21o75a		65.51.107.0	840		0	0		https://www.youtube.com/watch?v=MKQJok2TnYk	https://www.youtube.com/watch?v=N31qM6hOTEw	0								5.0.4		37d69704a91cfe267c38e5d1700bb3a2	17	4	28	kafka-consumer-a03
1493414547	550	chrome	jdko5mq1djs4e3ninrn0o21o75a		65.51.107.0	840		0	0		https://www.youtube.com/watch?v=N31qM6hOTEw	https://www.youtube.com/watch?v=unAAHWtaQ0o	0								5.0.4		37d69704a91cfe267c38e5d1700bb3a2	17	4	28	kafka-consumer-a03
1493414603	550	chrome	jdko5mq1djs4e3ninrn0o21o75a		65.51.107.0	840		0	0		https://www.youtube.com/watch?v=unAAHWtaQ0o	https://www.youtube.com/watch?v=l833ta7V6FY	0								5.0.4		37d69704a91cfe267c38e5d1700bb3a2	17	4	28	kafka-consumer-a03
